{
  "todos": {
    "Coordinator": {
      "1": {
        "id": "1",
        "content": "分析FlClash现有架构和代码结构",
        "details": "1. 获取FlClash完整源代码\n2. 分析Flutter前端架构（重点Android平台）\n3. 分析Go后端网络引擎\n4. 了解FFI通信机制\n5. 评估现有代理功能实现\n6. 分析现有Tab结构和导航系统",
        "status": "completed",
        "priority": "high"
      },
      "2": {
        "id": "2",
        "content": "设计内置浏览器集成方案",
        "details": "1. 选择Flutter WebView组件（适合Android）\n2. 设计浏览器与代理引擎的集成方式\n3. 确保浏览器流量通过FlClash代理\n4. 设计在现有Tab中添加浏览器选项卡\n5. 考虑Android平台兼容性",
        "status": "completed",
        "priority": "high"
      },
      "3": {
        "id": "3",
        "content": "实现内置浏览器核心功能",
        "details": "1. 集成WebView组件到Flutter前端\n2. 实现代理流量路由到浏览器\n3. 添加进阶浏览功能：\n   - 标签页管理\n   - 书签功能\n   - 浏览历史\n4. 实现浏览器控制功能（前进、后退、刷新等）\n5. 添加浏览器设置和偏好",
        "status": "completed",
        "priority": "high"
      },
      "4": {
        "id": "4",
        "content": "优化用户体验和界面集成",
        "details": "1. 设计浏览器在现有UI中的布局\n2. 添加浏览器与代理功能的切换机制\n3. 实现统一的设置和配置界面\n4. 优化性能和内存使用\n5. 添加用户引导和帮助文档",
        "status": "completed",
        "priority": "medium"
      },
      "5": {
        "id": "5",
        "content": "测试和调试",
        "details": "1. 测试代理功能是否正常工作\n2. 验证浏览器流量是否正确路由\n3. 测试跨平台兼容性\n4. 性能测试和优化\n5. 安全性测试",
        "status": "completed",
        "priority": "medium"
      }
    }
  }
}